<?xml version="1.0" encoding="UTF-8"?>
<project-private xmlns="http://www.netbeans.org/ns/project-private/1">
    <editor-bookmarks xmlns="http://www.netbeans.org/ns/editor-bookmarks/2" lastBookmarkId="0"/>
    <open-files xmlns="http://www.netbeans.org/ns/projectui-open-files/2">
        <group>
            <file>file:/Z:/4%20Semester%202k23/DSA%20Lab/Final%20Semester%20Project/DigitalMarqueeBooking/src/digitalmarqueebooking/LogIn.java</file>
            <file>file:/Z:/4%20Semester%202k23/DSA%20Lab/Final%20Semester%20Project/DigitalMarqueeBooking/src/digitalmarqueebooking/History.java</file>
            <file>file:/Z:/4%20Semester%202k23/DSA%20Lab/Final%20Semester%20Project/DigitalMarqueeBooking/src/digitalmarqueebooking/Log_Sign.java</file>
            <file>file:/Z:/4%20Semester%202k23/DSA%20Lab/Final%20Semester%20Project/DigitalMarqueeBooking/src/digitalmarqueebooking/DigitalMarqueeBooking.java</file>
        </group>
    </open-files>
</project-private>
